zone_id,production,attraction,geometry
1,0,0"<Polygon><outerBoundaryIs><LinearRing><coordinates>-111.846520,40.759752,0.0 -111.844480,40.759650,0.0 -111.843766,40.756743,0.0 -111.846622,40.756896,0.0 -111.846673,40.759803,0.0 -111.846520,40.759752,0.0</coordinates></LinearRing></outerBoundaryIs></Polygon>"
6,0,0"<Polygon><outerBoundaryIs><LinearRing><coordinates>-111.820457,40.735678,0.0 -111.818417,40.733230,0.0 -111.820355,40.732057,0.0 -111.822140,40.733791,0.0 -111.822140,40.733791,0.0 -111.820457,40.735678,0.0</coordinates></LinearRing></outerBoundaryIs></Polygon>"
