feature_id,x,y
0,-111.820457,40.735678
1,-111.818417,40.733230
2,-111.820355,40.732057
3,-111.822140,40.733791
4,-111.822140,40.733791
5,-111.820457,40.735678
