zone_id,1,2,3,4
1,0.000000,197.117954,79.837733,23.044616,
2,197.117945,0.000000,623.043943,179.837372,
3,79.837727,623.043916,0.000000,97.118213,
4,23.044612,179.837348,97.118204,0.000000,
